<?xml version="1.0" encoding="UTF-8"?>
<configuration>

    <appender name="STDOUT" class="ch.qos.logback.core.ConsoleAppender">
        <encoder>
            <pattern>[%date{ISO8601}] - %msg %n</pattern>
        </encoder>
    </appender>

    <appender name="ASYNC" class="ch.qos.logback.classic.AsyncAppender">
        <queueSize>8192</queueSize>
        <neverBlock>true</neverBlock>
        <appender-ref ref="STDOUT" />
    </appender>

    <root level="ERROR">
        <appender-ref ref="ASYNC"/>
    </root>

</configuration>
